Name,Win,Loss,Num,Color,CMC,Type,Main %,Win %,Win %/Arch %
Novice Inspector,6,0,1,W,1.0,Creature,,1.0,1.2
Clarion Spirit,6,0,1,W,2.0,Creature,,1.0,1.2
Isolated Chapel,6,0,1,BW,0.0,Land,,1.0,1.2
Battle Screech,6,0,1,W,4.0,Sorcery,,1.0,1.2
Spectral Procession,6,0,1,W,6.0,Sorcery,,1.0,1.2
Hop to It,6,0,1,W,3.0,Sorcery,,1.0,1.2
Dewdrop Cure,6,0,1,W,3.0,Sorcery,,1.0,1.2
Lingering Souls,6,0,1,BW,3.0,Sorcery,,1.0,1.2
Dismember,6,0,1,B,3.0,Instant,,1.0,1.2
Sun-Blessed Healer,6,0,1,W,2.0,Creature,,1.0,1.2
"Elas il-Kor, Sadistic Pilgrim",6,0,1,BW,2.0,Creature,,1.0,1.2
Resolute Reinforcements,6,0,1,W,2.0,Creature,,1.0,1.2
Porcelain Legionnaire,6,0,1,W,3.0,Creature,,1.0,1.2
Adanto Vanguard,6,0,1,W,2.0,Creature,,1.0,1.2
Signal Pest,6,0,1,,1.0,Creature,,1.0,1.2
Veteran Survivor,6,0,1,W,1.0,Creature,,1.0,1.2
Nurturing Pixie,6,0,1,W,1.0,Creature,,1.0,1.2
Recruitment Officer,6,0,1,W,1.0,Creature,,1.0,1.2
Marionette Apprentice,11,1,2,B,2.0,Creature,,0.9166666666666666,1.0999999999999999
Bastion of Remembrance,11,1,2,B,3.0,Enchantment,,0.9166666666666666,1.0999999999999999
Plains,112,20,22,W,0.0,Land,,0.8484848484848485,1.0181818181818183
Night's Whisper,5,1,1,B,2.0,Sorcery,,0.8333333333333334,1.0
Lord Skitter's Butcher,5,1,1,B,3.0,Creature,,0.8333333333333334,1.0
Thought-Stalker Warlock,5,1,1,B,3.0,Creature,,0.8333333333333334,1.0
Serum Visionary,5,1,1,U,3.0,Creature,,0.8333333333333334,1.0
Sling-Gang Lieutenant,5,1,1,B,4.0,Creature,,0.8333333333333334,1.0
Revenge of the Rats,5,1,1,B,4.0,Sorcery,,0.8333333333333334,1.0
Ravenous Chupacabra,5,1,1,B,4.0,Creature,,0.8333333333333334,1.0
Deep-Cavern Bat,5,1,1,B,2.0,Creature,,0.8333333333333334,1.0
Behold the Unspeakable,5,1,1,U,5.0,Creature,,0.8333333333333334,1.0
"Vohar, Vodalian Desecrator",5,1,1,BU,2.0,Creature,,0.8333333333333334,1.0
Zulaport Cutthroat,5,1,1,B,2.0,Creature,,0.8333333333333334,1.0
Lampad of Death's Vigil,5,1,1,B,2.0,Creature,,0.8333333333333334,1.0
Fatal Push,5,1,1,B,1.0,Instant,,0.8333333333333334,1.0
Case of the Gateway Express,10,2,2,W,2.0,Enchantment,,0.8333333333333334,1.0
Thraben Inspector,10,2,2,W,1.0,Creature,,0.8333333333333334,1.0
Fall from Favor,9,3,2,U,3.0,Enchantment,,0.75,1.0
Blood Artist,9,3,2,B,2.0,Creature,,0.75,1.0
Spirited Companion,4,2,1,W,2.0,Creature,,0.6666666666666666,0.7999999999999999
Rosie Cotton of South Lane,4,2,1,W,3.0,Creature,,0.6666666666666666,0.7999999999999999
Prava of the Steel Legion,4,2,1,W,3.0,Creature,,0.6666666666666666,0.7999999999999999
Dog Umbra,4,2,1,W,2.0,Enchantment,,0.6666666666666666,0.7999999999999999
Glyph Elemental,4,2,1,W,2.0,Creature,,0.6666666666666666,0.7999999999999999
"Anafenza, Kin-Tree Spirit",4,2,1,W,2.0,Creature,,0.6666666666666666,0.7999999999999999
Vitu-Ghazi Guildmage,4,2,1,GW,2.0,Creature,,0.6666666666666666,0.7999999999999999
Sylvan Library,4,2,1,G,2.0,Enchantment,,0.6666666666666666,0.7999999999999999
Swords to Plowshares,4,2,1,W,1.0,Instant,,0.6666666666666666,0.7999999999999999
Barbed Spike,4,2,1,W,2.0,Artifact,,0.6666666666666666,0.7999999999999999
Malevolent Rumble,8,4,2,G,2.0,Sorcery,,0.6666666666666666,0.8888888888888888
Path to Exile,4,2,1,W,1.0,Instant,,0.6666666666666666,0.7999999999999999
Indebted Spirit,4,2,1,W,1.0,Creature,,0.6666666666666666,0.7999999999999999
Perilous Landscape,4,2,1,RUW,0.0,Land,,0.6666666666666666,2.0
Choked Estuary,4,2,1,BU,0.0,Land,,0.6666666666666666,2.0
Thriving Moor,4,2,1,B,0.0,Land,,0.6666666666666666,2.0
Mage's Attendant,4,2,1,W,3.0,Creature,,0.6666666666666666,0.7999999999999999
Scurry Oak,4,2,1,G,3.0,Creature,,0.6666666666666666,0.7999999999999999
Blasting Station,4,2,1,,3.0,Artifact,,0.6666666666666666,1.0
Mentor of the Meek,4,2,1,W,3.0,Creature,,0.6666666666666666,0.7999999999999999
Woodland Chasm,4,2,1,BG,0.0,Land,,0.6666666666666666,1.0
"Renata, Called to the Hunt",4,2,1,G,4.0,Creature,,0.6666666666666666,1.0
Spiteful Prankster,4,2,1,R,3.0,Creature,,0.6666666666666666,1.0
Tyvar's Stand,4,2,1,G,1.0,Instant,,0.6666666666666666,1.0
Hunter's Talent,4,2,1,G,2.0,Enchantment,,0.6666666666666666,1.0
Cache Grab,4,2,1,G,2.0,Instant,,0.6666666666666666,1.0
Thriving Grove,4,2,1,G,0.0,Land,,0.6666666666666666,1.0
Game Trail,4,2,1,GR,0.0,Land,,0.6666666666666666,1.0
Inspiring Overseer,4,2,1,W,3.0,Creature,,0.6666666666666666,0.7999999999999999
Lotus Petal,4,2,1,,0.0,Artifact,,0.6666666666666666,1.0
Twisted Landscape,4,2,1,BGR,0.0,Land,,0.6666666666666666,1.0
Experiment One,4,2,1,G,1.0,Creature,,0.6666666666666666,1.0
Elves of Deep Shadow,4,2,1,BG,1.0,Creature,,0.6666666666666666,1.0
Rabbit Battery,4,2,1,R,1.0,Creature,,0.6666666666666666,1.0
Haywire Mite,4,2,1,G,1.0,Creature,,0.6666666666666666,1.0
Duskwatch Recruiter // Krallenhorde Howler,4,2,1,G,2.0,Creature,,0.6666666666666666,1.0
"Yahenni, Undying Partisan",4,2,1,B,3.0,Creature,,0.6666666666666666,1.0
Bloodbraid Elf,4,2,1,GR,4.0,Creature,,0.6666666666666666,1.0
"Grumgully, the Generous",4,2,1,GR,3.0,Creature,,0.6666666666666666,1.0
Flametongue Kavu,4,2,1,R,4.0,Creature,,0.6666666666666666,1.0
Honest Rutstein,4,2,1,BG,3.0,Creature,,0.6666666666666666,1.0
Murderous Redcap,4,2,1,BR,4.0,Creature,,0.6666666666666666,1.0
Control Magic,4,2,1,U,4.0,Enchantment,,0.6666666666666666,2.0
Curse of Predation,4,2,1,G,3.0,Enchantment,,0.6666666666666666,1.0
Rite of the Raging Storm,4,2,1,R,5.0,Enchantment,,0.6666666666666666,1.0
Triskelion,4,2,1,,6.0,Creature,,0.6666666666666666,1.0
Forest,44,22,11,G,0.0,Land,,0.6666666666666666,0.8799999999999998
Generous Ent,4,2,1,G,6.0,Creature,,0.6666666666666666,0.7999999999999999
Triplicate Spirits,4,2,1,W,6.0,Sorcery,,0.6666666666666666,0.7999999999999999
Ridgescale Tusker,4,2,1,G,5.0,Creature,,0.6666666666666666,0.7999999999999999
Cloudgoat Ranger,4,2,1,W,5.0,Creature,,0.6666666666666666,0.7999999999999999
Harmonize,4,2,1,G,4.0,Sorcery,,0.6666666666666666,0.7999999999999999
Oliphaunt,4,2,1,R,6.0,Creature,,0.6666666666666666,2.0
Waker of Waves,4,2,1,U,7.0,Creature,,0.6666666666666666,2.0
Geological Appraiser,4,2,1,R,4.0,Creature,,0.6666666666666666,2.0
Ponder,4,2,1,U,1.0,Sorcery,,0.6666666666666666,1.0
Hordeling Outburst,4,2,1,R,3.0,Sorcery,,0.6666666666666666,1.0
Discover the Impossible,4,2,1,U,3.0,Instant,,0.6666666666666666,1.0
Daze,8,4,2,U,2.0,Instant,,0.6666666666666666,1.3333333333333333
Searing Spear,4,2,1,R,2.0,Instant,,0.6666666666666666,1.0
Highway Robbery,8,4,2,R,2.0,Sorcery,,0.6666666666666666,1.3333333333333333
Condescend,4,2,1,U,1.0,Instant,,0.6666666666666666,1.0
Noxious Revival,4,2,1,G,1.0,Instant,,0.6666666666666666,1.0
Consider,4,2,1,U,1.0,Instant,,0.6666666666666666,1.0
Blood for Bones,4,2,1,B,4.0,Sorcery,,0.6666666666666666,2.0
Preordain,4,2,1,U,1.0,Sorcery,,0.6666666666666666,1.0
Careful Study,8,4,2,U,1.0,Sorcery,,0.6666666666666666,1.3333333333333333
Isochron Scepter,4,2,1,,2.0,Artifact,,0.6666666666666666,1.0
"Saheeli, Sublime Artificer",4,2,1,RU,3.0,Planeswalker,,0.6666666666666666,1.0
Coruscation Mage,4,2,1,R,2.0,Creature,,0.6666666666666666,1.0
Electrostatic Infantry,4,2,1,R,2.0,Creature,,0.6666666666666666,1.0
Monastery Swiftspear,4,2,1,R,1.0,Creature,,0.6666666666666666,1.0
Ghostfire Slice,4,2,1,R,3.0,Instant,,0.6666666666666666,1.0
Carrion Feeder,4,2,1,B,1.0,Creature,,0.6666666666666666,1.0
Flametongue Yearling,4,2,1,R,2.0,Creature,,0.6666666666666666,2.0
"General Kreat, the Boltbringer",4,2,1,R,3.0,Creature,,0.6666666666666666,2.0
Voldaren Epicure,4,2,1,R,1.0,Creature,,0.6666666666666666,2.0
Dragon's Rage Channeler,4,2,1,R,1.0,Creature,,0.6666666666666666,2.0
Life // Death,4,2,1,BG,3.0,Sorcery,,0.6666666666666666,2.0
Memory Lapse,4,2,1,U,2.0,Instant,,0.6666666666666666,2.0
Battle Cry Goblin,4,2,1,R,2.0,Creature,,0.6666666666666666,2.0
Cunning Sparkmage,4,2,1,R,3.0,Creature,,0.6666666666666666,2.0
Frantic Search,4,2,1,U,3.0,Instant,,0.6666666666666666,2.0
"Ivora, Insatiable Heir",4,2,1,R,2.0,Creature,,0.6666666666666666,2.0
Necromancy,4,2,1,B,3.0,Enchantment,,0.6666666666666666,2.0
Psychatog,4,2,1,BU,3.0,Creature,,0.6666666666666666,2.0
Mountain,72,60,22,R,0.0,Land,,0.5454545454545454,1.1612903225806455
Vengeful Bloodwitch,6,6,2,B,2.0,Creature,,0.5,1.2
Swamp,61,65,21,B,0.0,Land,1.0,0.48412698412698413,0.9682539682539683
Island,71,85,26,U,0.0,Land,1.0,0.4551282051282051,0.8987341772151897
Treasure Cruise,5,7,2,U,8.0,Sorcery,,0.4166666666666667,1.0
Shriekmaw,5,7,2,B,5.0,Creature,1.0,0.4166666666666667,0.7142857142857143
"Cynette, Jelly Drover",5,7,2,U,4.0,Creature,,0.4166666666666667,1.0
Morbid Opportunist,5,7,2,B,3.0,Creature,,0.4166666666666667,1.0
Khenra Spellspear,4,8,2,RU,2.0,Creature,,0.3333333333333333,1.0
Smoldering Marsh,4,8,2,BR,0.0,Land,1.0,0.3333333333333333,1.0
Lightning Bolt,4,8,2,R,1.0,Instant,,0.3333333333333333,2.0
Thriving Isle,4,8,2,U,0.0,Land,1.0,0.3333333333333333,1.0
Infernal Grasp,4,8,2,B,2.0,Instant,,0.3333333333333333,2.0
Mana Leak,4,8,2,U,2.0,Instant,,0.3333333333333333,1.0
Fabled Passage,4,8,2,,0.0,Land,1.0,0.3333333333333333,0.6666666666666666
Heartfire Immolator,4,8,2,R,2.0,Creature,,0.3333333333333333,1.0
Agonizing Remorse,4,8,2,B,2.0,Sorcery,1.0,0.3333333333333333,1.0
Frostboil Snarl,4,8,2,RU,0.0,Land,,0.3333333333333333,2.0
Guttersnipe,4,8,2,R,3.0,Creature,,0.3333333333333333,1.0
Drown in Sorrow,0,6,1,B,3.0,Sorcery,,0.0,
Black Dragon Gate,0,6,1,B,0.0,Land,,0.0,
Gurmag Angler,0,6,1,B,7.0,Creature,,0.0,
Aether Hub,0,6,1,,0.0,Land,1.0,0.0,0.0
Sea Gate,0,6,1,U,0.0,Land,,0.0,
Volatile Fjord,0,6,1,RU,0.0,Land,,0.0,
Reanimate,0,6,1,B,1.0,Sorcery,1.0,0.0,0.0
Exhume,0,6,1,B,2.0,Sorcery,,0.0,
Duress,0,6,1,B,1.0,Sorcery,,0.0,
Forbid,0,6,1,U,3.0,Instant,,0.0,
Cut Down,0,6,1,B,1.0,Instant,,0.0,
Remand,0,6,1,U,2.0,Instant,1.0,0.0,0.0
Foreboding Ruins,0,6,1,BR,0.0,Land,1.0,0.0,0.0
Rakdos Carnarium,0,12,2,BR,0.0,Land,1.0,0.0,0.0
Eldrazi Ravager,0,6,1,,6.0,Creature,1.0,0.0,0.0
Noise Marine,0,6,1,R,5.0,Creature,1.0,0.0,0.0
Windfall,0,6,1,U,3.0,Sorcery,1.0,0.0,0.0
"Narset, Parter of Veils",0,12,2,U,3.0,Planeswalker,1.0,0.0,0.0
"Davriel, Rogue Shadowmage",0,6,1,B,3.0,Planeswalker,1.0,0.0,0.0
Azra Oddsmaker,0,6,1,BR,3.0,Creature,1.0,0.0,0.0
Sicarian Infiltrator,0,6,1,U,0.0,Creature,1.0,0.0,0.0
Hymn to Tourach,0,6,1,B,2.0,Sorcery,1.0,0.0,0.0
Ransack the Lab,0,6,1,B,2.0,Sorcery,1.0,0.0,0.0
Bandit's Talent,0,12,2,B,2.0,Enchantment,1.0,0.0,0.0
Feed the Cycle,0,6,1,B,2.0,Instant,1.0,0.0,0.0
Go for the Throat,0,6,1,B,2.0,Instant,1.0,0.0,0.0
Thought Scour,0,6,1,U,1.0,Instant,1.0,0.0,0.0
Power Word Kill,0,6,1,B,2.0,Instant,,0.0,
Bone Shards,0,6,1,B,1.0,Sorcery,1.0,0.0,0.0
Inquisition of Kozilek,0,6,1,B,1.0,Sorcery,1.0,0.0,0.0
Lavaspur Boots,0,6,1,,1.0,Artifact,1.0,0.0,0.0
Embereth Veteran,0,6,1,R,1.0,Creature,,0.0,
Meteor Golem,0,6,1,,7.0,Creature,,0.0,
The Underworld Cookbook,0,6,1,,1.0,Artifact,,0.0,
Crackling Drake,0,6,1,RU,4.0,Creature,,0.0,
Mayhem Devil,0,6,1,BR,3.0,Creature,,0.0,
Dinrova Horror,0,6,1,BU,6.0,Creature,,0.0,
Fire // Ice,0,6,1,RU,4.0,Instant,,0.0,
Archive Dragon,0,6,1,U,6.0,Creature,,0.0,
Rise from the Tides,0,6,1,U,6.0,Sorcery,,0.0,
Whirler Rogue,0,6,1,U,4.0,Creature,,0.0,
Shoreline Looter,0,6,1,U,2.0,Creature,,0.0,
Skittering Precursor,0,6,1,R,3.0,Creature,,0.0,
